gene,growth_wt,growth_ko,percent_change,lethal_flag
SGL_RS12365,0.07653046659469502,-9.141932916387109e-15,-100.00000000001195,True
SGL_RS18300,0.07653046659469502,-6.935450675318851e-15,-100.00000000000907,True
SGL_RS15530,0.07653046659469502,-5.0963094425951176e-15,-100.00000000000666,True
SGL_RS15525,0.07653046659469502,-5.092815903191909e-15,-100.00000000000666,True
SGL_RS02220,0.07653046659469502,-5.0963094425951176e-15,-100.00000000000666,True
SGL_RS16805,0.07653046659469502,-4.864271030852233e-15,-100.00000000000637,True
SGL_RS18210,0.07653046659469502,-4.877813349621431e-15,-100.00000000000637,True
SGL_RS11780,0.07653046659469502,-4.852788011498347e-15,-100.00000000000635,True
SGL_RS06690,0.07653046659469502,-4.7999365631151055e-15,-100.00000000000628,True
SGL_RS15145,0.07653046659469502,-4.790068296826361e-15,-100.00000000000627,True
SGL_RS17740,0.07653046659469502,-3.1088812096005886e-15,-100.00000000000406,True
SGL_RS06575,0.07653046659469502,-2.09870137580709e-15,-100.00000000000273,True
SGL_RS14775,0.07653046659469502,-2.096691195005278e-15,-100.00000000000273,True
SGL_RS13120,0.07653046659469502,-1.2454156143605407e-15,-100.00000000000165,True
SGL_RS15555,0.07653046659469502,-7.041016137418948e-16,-100.00000000000094,True
SGL_RS13790,0.07653046659469502,-5.36429602303914e-16,-100.00000000000071,True
SGL_RS11485,0.07653046659469502,-4.48053398937393e-16,-100.00000000000058,True
SGL_RS11290,0.07653046659469502,-1.0810691644372959e-16,-100.00000000000016,True
SGL_RS02440,0.07653046659469502,-7.512899634083834e-17,-100.00000000000009,True
SGL_RS10805,0.07653046659469502,-6.520784714118256e-17,-100.00000000000009,True
SGL_RS04100,0.07653046659469502,-7.512899634083833e-17,-100.00000000000009,True
SGL_RS11330,0.07653046659469502,-7.512899634083836e-17,-100.00000000000009,True
SGL_RS16540,0.07653046659469502,-7.516372163174275e-17,-100.00000000000009,True
SGL_RS08060,0.07653046659469502,-6.844476488312183e-17,-100.00000000000009,True
SGL_RS12160,0.07653046659469502,-7.512899634083829e-17,-100.00000000000009,True
SGL_RS06095,0.07653046659469502,-7.512899634083833e-17,-100.00000000000009,True
SGL_RS09990,0.07653046659469502,-5.2512802173421e-17,-100.00000000000007,True
SGL_RS02245,0.07653046659469502,-5.292679831074763e-17,-100.00000000000007,True
SGL_RS12840,0.07653046659469502,-5.087895613689651e-17,-100.00000000000007,True
SGL_RS13720,0.07653046659469502,-5.1159436528937e-17,-100.00000000000007,True
SGL_RS17055,0.07653046659469502,-5.667870959173167e-17,-100.00000000000007,True
SGL_RS14335,0.07653046659469502,-5.1159436528937e-17,-100.00000000000007,True
SGL_RS11680,0.07653046659469502,-3.701578488971354e-17,-100.00000000000004,True
SGL_RS16800,0.07653046659469502,-2.3380417884960405e-17,-100.00000000000004,True
SGL_RS05885,0.07653046659469502,-3.1895502092616175e-17,-100.00000000000004,True
SGL_RS09760,0.07653046659469502,-3.62517591206273e-17,-100.00000000000004,True
SGL_RS16390,0.07653046659469502,-4.019130683628412e-17,-100.00000000000004,True
SGL_RS12575,0.07653046659469502,-3.063794133887375e-17,-100.00000000000004,True
SGL_RS16700,0.07653046659469502,-2.9158539891359715e-17,-100.00000000000004,True
SGL_RS06435,0.07653046659469502,-3.5710030537615116e-17,-100.00000000000004,True
SGL_RS06985,0.07653046659469502,-3.063794133887375e-17,-100.00000000000004,True
SGL_RS10015,0.07653046659469502,-4.4873029888065666e-17,-100.00000000000004,True
SGL_RS16510,0.07653046659469502,-3.5637740884376207e-17,-100.00000000000004,True
SGL_RS18250,0.07653046659469502,-3.788767516500226e-17,-100.00000000000004,True
SGL_RS17050,0.07653046659469502,-4.080391427859395e-17,-100.00000000000004,True
SGL_RS03425,0.07653046659469502,-3.5710030537615116e-17,-100.00000000000004,True
SGL_RS17155,0.07653046659469502,-1.85319642686604e-17,-100.00000000000003,True
SGL_RS16430,0.07653046659469502,-1.3444049894657278e-17,-100.00000000000003,True
SGL_RS10995,0.07653046659469502,-1.2458933667712838e-17,-100.00000000000003,True
SGL_RS16035,0.07653046659469502,-1.9112351196298555e-17,-100.00000000000003,True
SGL_RS17150,0.07653046659469502,-1.85319642686604e-17,-100.00000000000003,True
SGL_RS17140,0.07653046659469502,-1.85319642686604e-17,-100.00000000000003,True
SGL_RS10355,0.07653046659469502,-1.3444049894657172e-17,-100.00000000000003,True
SGL_RS07645,0.07653046659469502,-9.625201867183709e-18,-100.00000000000003,True
SGL_RS09150,0.07653046659469502,-1.0711672320305898e-17,-100.00000000000003,True
SGL_RS02200,0.07653046659469502,-9.62520186718369e-18,-100.00000000000003,True
SGL_RS04875,0.07653046659469502,-1.8102254073612562e-17,-100.00000000000003,True
SGL_RS16920,0.07653046659469502,-9.625201867183693e-18,-100.00000000000003,True
SGL_RS17290,0.07653046659469502,-9.625201867183693e-18,-100.00000000000003,True
SGL_RS09070,0.07653046659469502,-1.964260205473544e-17,-100.00000000000003,True
SGL_RS04850,0.07653046659469502,-9.625201867183709e-18,-100.00000000000003,True
SGL_RS05890,0.07653046659469502,-1.0466494988844497e-17,-100.00000000000003,True
SGL_RS11020,0.07653046659469502,-1.3273075726808122e-17,-100.00000000000003,True
SGL_RS07245,0.07653046659469502,-1.2495627490971741e-17,-100.00000000000003,True
SGL_RS18195,0.07653046659469502,-7.255201603849672e-18,-100.00000000000003,True
SGL_RS02550,0.07653046659469502,-1.0466494988844497e-17,-100.00000000000003,True
SGL_RS16625,0.07653046659469502,-1.9328169921439242e-17,-100.00000000000003,True
SGL_RS16610,0.07653046659469502,-1.9328169921439242e-17,-100.00000000000003,True
SGL_RS16190,0.07653046659469502,-1.4300930242710734e-17,-100.00000000000003,True
SGL_RS07110,0.07653046659469502,0.0,-100.0,True
SGL_RS12400,0.07653046659469502,-1.3538979997056794e-18,-100.0,True
SGL_RS13060,0.07653046659469502,0.0,-100.0,True
SGL_RS13445,0.07653046659469502,0.0,-100.0,True
SGL_RS17340,0.07653046659469502,0.0,-100.0,True
SGL_RS11120,0.07653046659469502,0.0,-100.0,True
SGL_RS16710,0.07653046659469502,0.0,-100.0,True
SGL_RS10130,0.07653046659469502,0.0,-100.0,True
SGL_RS07755,0.07653046659469502,0.0,-100.0,True
SGL_RS08515,0.07653046659469502,0.0,-100.0,True
SGL_RS13535,0.07653046659469502,0.0,-100.0,True
SGL_RS12265,0.07653046659469502,0.0,-100.0,True
SGL_RS17830,0.07653046659469502,0.0,-100.0,True
SGL_RS04915,0.07653046659469502,0.0,-100.0,True
SGL_RS10140,0.07653046659469502,-2.818668000044398e-18,-100.0,True
SGL_RS10330,0.07653046659469502,0.0,-100.0,True
SGL_RS15345,0.07653046659469502,0.0,-100.0,True
SGL_RS09375,0.07653046659469502,0.0,-100.0,True
SGL_RS07575,0.07653046659469502,-2.67052532050553e-18,-100.0,True
SGL_RS13735,0.07653046659469502,0.0,-100.0,True
SGL_RS14665,0.07653046659469502,0.0,-100.0,True
SGL_RS07880,0.07653046659469502,0.0,-100.0,True
SGL_RS13390,0.07653046659469502,0.0,-100.0,True
SGL_RS09590,0.07653046659469502,0.0,-100.0,True
SGL_RS06810,0.07653046659469502,0.0,-100.0,True
SGL_RS15325,0.07653046659469502,-3.160063851208435e-30,-100.0,True
SGL_RS02505,0.07653046659469502,-3.664668558922451e-18,-100.0,True
SGL_RS14545,0.07653046659469502,0.0,-100.0,True
SGL_RS13795,0.07653046659469502,8.96823404808832e-19,-100.0,True
SGL_RS11510,0.07653046659469502,0.0,-100.0,True
SGL_RS14105,0.07653046659469502,0.0,-100.0,True
SGL_RS10800,0.07653046659469502,0.0,-100.0,True
SGL_RS05470,0.07653046659469502,0.0,-100.0,True
SGL_RS03920,0.07653046659469502,0.0,-100.0,True
SGL_RS17160,0.07653046659469502,0.0,-100.0,True
SGL_RS15380,0.07653046659469502,0.0,-100.0,True
SGL_RS05520,0.07653046659469502,0.0,-100.0,True
SGL_RS08810,0.07653046659469502,0.0,-100.0,True
SGL_RS08815,0.07653046659469502,0.0,-100.0,True
SGL_RS12395,0.07653046659469502,0.0,-100.0,True
SGL_RS04275,0.07653046659469502,0.0,-100.0,True
SGL_RS18375,0.07653046659469502,0.0,-100.0,True
SGL_RS03135,0.07653046659469502,0.0,-100.0,True
SGL_RS04435,0.07653046659469502,0.0,-100.0,True
SGL_RS15350,0.07653046659469502,0.0,-100.0,True
SGL_RS15280,0.07653046659469502,0.0,-100.0,True
SGL_RS08065,0.07653046659469502,0.0,-100.0,True
SGL_RS12945,0.07653046659469502,0.0,-100.0,True
SGL_RS10725,0.07653046659469502,2.455709932456017e-18,-100.0,True
SGL_RS06140,0.07653046659469502,1.8779688951267956e-18,-100.0,True
SGL_RS08270,0.07653046659469502,0.0,-100.0,True
SGL_RS18015,0.07653046659469502,0.0,-100.0,True
SGL_RS15845,0.07653046659469502,0.0,-100.0,True
SGL_RS13880,0.07653046659469502,0.0,-100.0,True
SGL_RS04405,0.07653046659469502,0.0,-100.0,True
SGL_RS04480,0.07653046659469502,7.721898443975148e-30,-100.0,True
SGL_RS07670,0.07653046659469502,0.0,-100.0,True
SGL_RS17700,0.07653046659469502,0.0,-100.0,True
SGL_RS12910,0.07653046659469502,0.0,-100.0,True
SGL_RS13365,0.07653046659469502,0.0,-100.0,True
SGL_RS09385,0.07653046659469502,0.0,-100.0,True
SGL_RS14660,0.07653046659469502,0.0,-100.0,True
SGL_RS03195,0.07653046659469502,0.0,-100.0,True
SGL_RS11800,0.07653046659469502,0.0,-100.0,True
SGL_RS09310,0.07653046659469502,0.0,-100.0,True
SGL_RS16925,0.07653046659469502,0.0,-100.0,True
SGL_RS14120,0.07653046659469502,0.0,-100.0,True
SGL_RS10115,0.07653046659469502,0.0,-100.0,True
SGL_RS12625,0.07653046659469502,5.5771937108657424e-18,-100.0,True
SGL_RS02940,0.07653046659469502,0.0,-100.0,True
SGL_RS07655,0.07653046659469502,0.0,-100.0,True
SGL_RS16850,0.07653046659469502,0.0,-100.0,True
SGL_RS02630,0.07653046659469502,0.0,-100.0,True
SGL_RS15675,0.07653046659469502,0.0,-100.0,True
SGL_RS18090,0.07653046659469502,0.0,-100.0,True
SGL_RS12240,0.07653046659469502,0.0,-100.0,True
SGL_RS08820,0.07653046659469502,0.0,-100.0,True
SGL_RS08755,0.07653046659469502,1.2761635126212087e-18,-100.0,True
SGL_RS01915,0.07653046659469502,0.0,-100.0,True
SGL_RS16940,0.07653046659469502,-4.4642277397125994e-18,-100.0,True
SGL_RS02445,0.07653046659469502,0.0,-100.0,True
SGL_RS06450,0.07653046659469502,0.0,-100.0,True
SGL_RS02315,0.07653046659469502,0.0,-100.0,True
SGL_RS06105,0.07653046659469502,2.6902536276172517e-18,-100.0,True
SGL_RS16890,0.07653046659469502,0.0,-100.0,True
SGL_RS16740,0.07653046659469502,0.0,-100.0,True
SGL_RS12060,0.07653046659469502,0.0,-100.0,True
SGL_RS14090,0.07653046659469502,-3.664668558922451e-18,-100.0,True
SGL_RS15040,0.07653046659469502,0.0,-100.0,True
SGL_RS12255,0.07653046659469502,0.0,-100.0,True
SGL_RS13435,0.07653046659469502,2.6902536276172163e-18,-100.0,True
SGL_RS13290,0.07653046659469502,0.0,-100.0,True
SGL_RS14430,0.07653046659469502,0.0,-100.0,True
SGL_RS07775,0.07653046659469502,0.0,-100.0,True
SGL_RS10365,0.07653046659469502,0.0,-100.0,True
SGL_RS13250,0.07653046659469502,0.0,-100.0,True
SGL_RS06405,0.07653046659469502,0.0,-100.0,True
SGL_RS11305,0.07653046659469502,0.0,-100.0,True
SGL_RS08445,0.07653046659469502,0.0,-100.0,True
SGL_RS08440,0.07653046659469502,0.0,-100.0,True
SGL_RS10825,0.07653046659469502,0.0,-100.0,True
SGL_RS11885,0.07653046659469502,0.0,-100.0,True
SGL_RS17415,0.07653046659469502,0.0,-100.0,True
SGL_RS11755,0.07653046659469502,0.0,-100.0,True
SGL_RS09600,0.07653046659469502,0.0,-100.0,True
SGL_RS15620,0.07653046659469502,0.0,-100.0,True
SGL_RS04620,0.07653046659469502,0.0,-100.0,True
SGL_RS11415,0.07653046659469502,0.0,-100.0,True
SGL_RS04625,0.07653046659469502,0.0,-100.0,True
SGL_RS15915,0.07653046659469502,-2.5900646001721062e-31,-100.0,True
SGL_RS14425,0.07653046659469502,0.0,-100.0,True
SGL_RS04630,0.07653046659469502,0.0,-100.0,True
SGL_RS06285,0.07653046659469502,5.519102673273661e-18,-100.0,True
SGL_RS10200,0.07653046659469502,0.0,-100.0,True
SGL_RS10195,0.07653046659469502,3.0543649296478336e-18,-100.0,True
SGL_RS16435,0.07653046659469502,0.0,-100.0,True
SGL_RS17420,0.07653046659469502,2.914431817785065e-18,-100.0,True
SGL_RS02240,0.07653046659469502,-1.5101418192231998e-18,-100.0,True
SGL_RS12975,0.07653046659469502,0.0,-100.0,True
SGL_RS15155,0.07653046659469502,-4.587608029012195e-18,-100.0,True
SGL_RS16595,0.07653046659469502,3.0387973923574696e-20,-100.0,True
SGL_RS06290,0.07653046659469502,0.0,-100.0,True
SGL_RS16880,0.07653046659469502,0.0,-100.0,True
SGL_RS03380,0.07653046659469502,0.0,-100.0,True
SGL_RS06280,0.07653046659469502,0.0,-100.0,True
SGL_RS16590,0.07653046659469502,-5.399194857523873e-18,-100.0,True
SGL_RS05365,0.07653046659469502,2.4557099324560134e-18,-100.0,True
SGL_RS11490,0.07653046659469502,2.4557099324560134e-18,-100.0,True
SGL_RS13980,0.07653046659469502,0.0,-100.0,True
SGL_RS14465,0.07653046659469502,0.0,-100.0,True
SGL_RS08125,0.07653046659469502,3.935034868999408e-18,-100.0,True
SGL_RS15085,0.07653046659469502,5.6910429527471345e-18,-100.0,True
SGL_RS14280,0.07653046659469502,0.0,-100.0,True
SGL_RS06800,0.07653046659469502,0.0,-100.0,True
SGL_RS07710,0.07653046659469502,0.0,-100.0,True
SGL_RS11225,0.07653046659469502,4.8657561803173595e-18,-100.0,True
SGL_RS16615,0.07653046659469502,0.0,-100.0,True
SGL_RS10105,0.07653046659469502,0.0,-100.0,True
SGL_RS09870,0.07653046659469502,0.0,-100.0,True
SGL_RS07485,0.07653046659469502,0.0,-100.0,True
SGL_RS12770,0.07653046659469502,0.0,-100.0,True
SGL_RS16675,0.07653046659469502,0.0,-100.0,True
SGL_RS13380,0.07653046659469502,0.0,-100.0,True
SGL_RS14435,0.07653046659469502,0.0,-100.0,True
SGL_RS08945,0.07653046659469502,0.0,-100.0,True
SGL_RS03395,0.07653046659469502,0.0,-100.0,True
SGL_RS03345,0.07653046659469502,0.0,-100.0,True
SGL_RS15225,0.07653046659469502,0.0,-100.0,True
SGL_RS08905,0.07653046659469502,7.386546863332366e-18,-99.99999999999997,True
SGL_RS17000,0.07653046659469502,7.032020546982593e-18,-99.99999999999997,True
SGL_RS15395,0.07653046659469502,3.4641823148724116e-17,-99.99999999999997,True
SGL_RS10555,0.07653046659469502,1.429584809431141e-17,-99.99999999999997,True
SGL_RS14980,0.07653046659469502,1.80147854804423e-17,-99.99999999999997,True
SGL_RS13520,0.07653046659469502,1.1459246967008193e-17,-99.99999999999997,True
SGL_RS09745,0.07653046659469502,8.448126503578166e-18,-99.99999999999997,True
SGL_RS15190,0.07653046659469502,7.032020546982593e-18,-99.99999999999997,True
SGL_RS09755,0.07653046659469502,7.032020546982593e-18,-99.99999999999997,True
SGL_RS02610,0.07653046659469502,8.448126503578166e-18,-99.99999999999997,True
SGL_RS03060,0.07653046659469502,7.032020546982593e-18,-99.99999999999997,True
SGL_RS17360,0.07653046659469502,1.858748990053317e-17,-99.99999999999997,True
SGL_RS08070,0.07653046659469502,3.464182314872334e-17,-99.99999999999997,True
SGL_RS02595,0.07653046659469502,7.386546863332366e-18,-99.99999999999997,True
SGL_RS16845,0.07653046659469502,3.464182314872424e-17,-99.99999999999997,True
SGL_RS17215,0.07653046659469502,1.1128126798024057e-17,-99.99999999999997,True
SGL_RS09105,0.07653046659469502,3.2694446952311267e-17,-99.99999999999997,True
SGL_RS17305,0.07653046659469502,9.859165105599983e-18,-99.99999999999997,True
SGL_RS13885,0.07653046659469502,3.1895502092616175e-17,-99.99999999999997,True
SGL_RS10240,0.07653046659469502,9.808089385643205e-18,-99.99999999999997,True
SGL_RS07805,0.07653046659469502,3.1895502092616175e-17,-99.99999999999997,True
SGL_RS17620,0.07653046659469502,9.924220720049474e-18,-99.99999999999997,True
SGL_RS08455,0.07653046659469502,3.201228205210391e-17,-99.99999999999997,True
SGL_RS05440,0.07653046659469502,2.1086252464639893e-17,-99.99999999999997,True
SGL_RS04180,0.07653046659469502,1.2985340773446925e-17,-99.99999999999997,True
SGL_RS17225,0.07653046659469502,3.464182314872397e-17,-99.99999999999997,True
SGL_RS17330,0.07653046659469502,1.3142619850319414e-17,-99.99999999999997,True
SGL_RS06295,0.07653046659469502,2.2769662559808226e-17,-99.99999999999997,True
SGL_RS11790,0.07653046659469502,3.201228205210391e-17,-99.99999999999997,True
SGL_RS17890,0.07653046659469502,1.480408685055294e-17,-99.99999999999997,True
sll8031,0.07653046659469502,2.929556448732996e-17,-99.99999999999997,True
SGL_RS08785,0.07653046659469502,2.9759077055591346e-17,-99.99999999999997,True
SGL_RS13460,0.07653046659469502,1.1916547932113374e-17,-99.99999999999997,True
SGL_RS13860,0.07653046659469502,3.2694446952311267e-17,-99.99999999999997,True
SGL_RS12490,0.07653046659469502,3.931257065178087e-17,-99.99999999999994,True
SGL_RS03305,0.07653046659469502,4.697755578941895e-17,-99.99999999999994,True
SGL_RS06460,0.07653046659469502,4.196374075329844e-17,-99.99999999999994,True
SGL_RS13530,0.07653046659469502,4.125956097345954e-17,-99.99999999999994,True
SGL_RS06645,0.07653046659469502,3.742984427739564e-17,-99.99999999999994,True
SGL_RS11360,0.07653046659469502,4.085956138520155e-17,-99.99999999999994,True
SGL_RS16990,0.07653046659469502,5.2855312921172785e-17,-99.99999999999993,True
SGL_RS10730,0.07653046659469502,5.57719371086574e-17,-99.99999999999993,True
SGL_RS04250,0.07653046659469502,5.74905957966908e-17,-99.99999999999993,True
SGL_RS04515,0.07653046659469502,4.9570289356353474e-17,-99.99999999999993,True
SGL_RS06190,0.07653046659469502,6.213128089161183e-17,-99.99999999999993,True
SGL_RS03225,0.07653046659469502,5.731190598393243e-17,-99.99999999999993,True
SGL_RS05355,0.07653046659469502,6.55320261026724e-17,-99.99999999999991,True
SGL_RS13965,0.07653046659469502,6.364641588953513e-17,-99.99999999999991,True
SGL_RS08920,0.07653046659469502,8.742820111836549e-17,-99.99999999999989,True
SGL_RS03770,0.07653046659469502,8.765466263096574e-17,-99.99999999999989,True
SGL_RS16985,0.07653046659469502,8.742820111836549e-17,-99.99999999999989,True
SGL_RS09885,0.07653046659469502,1.0926419234028387e-16,-99.99999999999986,True
SGL_RS10735,0.07653046659469502,1.2718981748434277e-16,-99.99999999999983,True
SGL_RS16995,0.07653046659469502,1.38236972255375e-16,-99.99999999999983,True
ssl0352,0.07653046659469502,1.2718981748434277e-16,-99.99999999999983,True
SGL_RS03840,0.07653046659469502,1.4597304742607945e-16,-99.9999999999998,True
SGL_RS03075,0.07653046659469502,2.7497207080309983e-16,-99.99999999999963,True
SGL_RS13045,0.07653046659469502,3.04216502299371e-16,-99.9999999999996,True
SGL_RS03210,0.07653046659469502,3.3949461784444027e-16,-99.99999999999957,True
SGL_RS03435,0.07653046659469502,4.1897314945606404e-16,-99.99999999999946,True
SGL_RS06585,0.07653046659469502,1.0743627749200121e-15,-99.99999999999861,True
SGL_RS11000,0.07653046659469502,1.0718953435078944e-15,-99.99999999999861,True
SGL_RS14710,0.07653046659469502,1.298455019535205e-15,-99.9999999999983,True
SGL_RS03315,0.07653046659469502,2.159894126360509e-15,-99.99999999999717,True
SGL_RS09665,0.07653046659469502,3.230134518587978e-15,-99.99999999999577,True
SGL_RS10950,0.07653046659469502,5.444743217233419e-15,-99.9999999999929,True
SGL_RS09235,0.07653046659469502,8.602619187230915e-15,-99.99999999998876,True
SGL_RS03470,0.07653046659469502,1.1825307630444857e-14,-99.99999999998454,True
SGL_RS05700,0.07653046659469502,1.4932685885684587e-14,-99.99999999998049,True
SGL_RS04185,0.07653046659469502,2.431554130734703e-14,-99.99999999996822,True
SGL_RS17230,0.07653046659469502,5.662262215321705e-14,-99.99999999992602,True
SGL_RS10370,0.07653046659469502,6.420447446465867e-14,-99.99999999991611,True
SGL_RS15360,0.07653046659469502,7.765462755200394e-14,-99.99999999989852,True
SGL_RS07250,0.07653046659469502,8.02078356017286e-14,-99.99999999989518,True
SGL_RS11255,0.07653046659469502,8.197033734127049e-14,-99.99999999989288,True
SGL_RS08710,0.07653046659469502,8.5479864573893e-14,-99.99999999988832,True
SGL_RS04800,0.07653046659469502,1.2950014265153157e-13,-99.99999999983079,True
SGL_RS07635,0.07653046659469502,1.5096901394700622e-13,-99.99999999980275,True
SGL_RS14480,0.07653046659469502,1.5100562594176154e-13,-99.9999999998027,True
SGL_RS02700,0.07653046659469502,0.030137366037686155,-60.62043343170308,False
SGL_RS02705,0.07653046659469502,0.030137366037687154,-60.620433431701784,False
SGL_RS02695,0.07653046659469502,0.030137366037687394,-60.62043343170147,False
SGL_RS02670,0.07653046659469502,0.030137366037687408,-60.62043343170145,False
SGL_RS09710,0.07653046659469502,0.030137366037687456,-60.62043343170139,False
SGL_RS02675,0.07653046659469502,0.03013736603768781,-60.620433431700924,False
SGL_RS02685,0.07653046659469502,0.03013736603768789,-60.62043343170082,False
SGL_RS02680,0.07653046659469502,0.030137366037687987,-60.62043343170069,False
SGL_RS02690,0.07653046659469502,0.03013736603768824,-60.62043343170036,False
SGL_RS09705,0.07653046659469502,0.03013736603770781,-60.62043343167479,False
SGL_RS08525,0.07653046659469502,0.034920118096803884,-54.370958847355965,False
SGL_RS09095,0.07653046659469502,0.06073499101549779,-20.63946070373514,False
SGL_RS09370,0.07653046659469502,0.06073864655637614,-20.634684121230155,False
SGL_RS11630,0.07653046659469502,0.06196866629493207,-19.02745527069915,False
SGL_RS08960,0.07653046659469502,0.0619686662949326,-19.02745527069846,False
SGL_RS06375,0.07653046659469502,0.07239895265646311,-5.398521820221467,False
SGL_RS12985,0.07653046659469502,0.07239895265659253,-5.398521820052353,False
SGL_RS17560,0.07653046659469502,0.07239895265662838,-5.398521820005514,False
SGL_RS05660,0.07653046659469502,0.07248339843355708,-5.288179128151917,False
SGL_RS09950,0.07653046659469502,0.07260516420837222,-5.129071546252528,False
SGL_RS13465,0.07653046659469502,0.07326794055240428,-4.2630421418558235,False
SGL_RS11200,0.07653046659469502,0.07396122642175104,-3.357146881843361,False
SGL_RS08600,0.07653046659469502,0.07396122642175242,-3.357146881841566,False
SGL_RS13155,0.07653046659469502,0.07472417770755843,-2.3602219710781154,False
SGL_RS10125,0.07653046659469502,0.07472888009900754,-2.354077501224027,False
SGL_RS04690,0.07653046659469502,0.07479658733688963,-2.265606542016805,False
SGL_RS08045,0.07653046659469502,0.07529748942660036,-1.6110932324828235,False
SGL_RS15205,0.07653046659469502,0.07529748942660036,-1.6110932324828235,False
SGL_RS06730,0.07653046659469502,0.07529748942660036,-1.6110932324828235,False
SGL_RS04160,0.07653046659469502,0.07570087249132297,-1.084005024777356,False
SGL_RS02895,0.07653046659469502,0.07570087249152017,-1.0840050245196766,False
SGL_RS14885,0.07653046659469502,0.07604671498732248,-0.6321033032955251,False
SGL_RS18255,0.07653046659469502,0.07619668464568388,-0.43614257675815093,False
SGL_RS14820,0.07653046659469502,0.07645752804157907,-0.09530655745538918,False
SGL_RS17655,0.07653046659469502,0.07652438306710085,-0.007949157851584888,False
SGL_RS13030,0.07653046659469502,0.07652438306710167,-0.007949157850515,False
SGL_RS17660,0.07653046659469502,0.07652438306710195,-0.007949157850152327,False
SGL_RS05125,0.07653046659469502,0.07652831759026421,-0.0028080378004107873,False
SGL_RS15355,0.07653046659469502,0.07652957780823588,-0.0011613498501784622,False
SGL_RS16950,0.07653046659469502,0.07653046659468574,-1.2131430078163724e-11,False
SGL_RS06310,0.07653046659469502,0.07653046659469212,-3.7899385445982326e-12,False
SGL_RS09325,0.07653046659469502,0.07653046659469226,-3.6086017721294183e-12,False
SGL_RS05025,0.07653046659469502,0.07653046659469226,-3.6086017721294183e-12,False
SGL_RS02195,0.07653046659469502,0.07653046659469231,-3.5360670631418924e-12,False
SGL_RS07800,0.07653046659469502,0.07653046659469231,-3.5360670631418924e-12,False
SGL_RS10440,0.07653046659469502,0.07653046659469231,-3.5360670631418924e-12,False
SGL_RS11095,0.07653046659469502,0.07653046659469231,-3.5360670631418924e-12,False
SGL_RS04330,0.07653046659469502,0.07653046659469231,-3.5360670631418924e-12,False
SGL_RS07170,0.07653046659469502,0.07653046659469241,-3.409131322413722e-12,False
SGL_RS04790,0.07653046659469502,0.07653046659469245,-3.3547302906730773e-12,False
SGL_RS12025,0.07653046659469502,0.07653046659469272,-3.0101904229823287e-12,False
SGL_RS17390,0.07653046659469502,0.07653046659469294,-2.7200515870322245e-12,False
SGL_RS05590,0.07653046659469502,0.07653046659469295,-2.701917909785343e-12,False
SGL_RS14400,0.07653046659469502,0.07653046659469298,-2.66565055529158e-12,False
SGL_RS16330,0.07653046659469502,0.07653046659469301,-2.6293832007978174e-12,False
SGL_RS04550,0.07653046659469502,0.07653046659469301,-2.6293832007978174e-12,False
SGL_RS17385,0.07653046659469502,0.07653046659469302,-2.611249523550936e-12,False
SGL_RS15655,0.07653046659469502,0.07653046659469304,-2.5931158463040542e-12,False
SGL_RS17540,0.07653046659469502,0.07653046659469312,-2.4843137828227655e-12,False
SGL_RS17380,0.07653046659469502,0.07653046659469313,-2.466180105575884e-12,False
SGL_RS11775,0.07653046659469502,0.07653046659469316,-2.4299127510821207e-12,False
SGL_RS04525,0.07653046659469502,0.07653046659469316,-2.4299127510821207e-12,False
SGL_RS09330,0.07653046659469502,0.07653046659469316,-2.4299127510821207e-12,False
SGL_RS10020,0.07653046659469502,0.07653046659469316,-2.4299127510821207e-12,False
SGL_RS14050,0.07653046659469502,0.07653046659469316,-2.4299127510821207e-12,False
SGL_RS04465,0.07653046659469502,0.07653046659469316,-2.4299127510821207e-12,False
SGL_RS11735,0.07653046659469502,0.07653046659469316,-2.4299127510821207e-12,False
SGL_RS05860,0.07653046659469502,0.07653046659469316,-2.4299127510821207e-12,False
SGL_RS04540,0.07653046659469502,0.07653046659469316,-2.4299127510821207e-12,False
SGL_RS03280,0.07653046659469502,0.07653046659469316,-2.4299127510821207e-12,False
SGL_RS04535,0.07653046659469502,0.07653046659469316,-2.4299127510821207e-12,False
SGL_RS03870,0.07653046659469502,0.07653046659469316,-2.4299127510821207e-12,False
SGL_RS08205,0.07653046659469502,0.07653046659469316,-2.4299127510821207e-12,False
SGL_RS16820,0.07653046659469502,0.07653046659469316,-2.4299127510821207e-12,False
SGL_RS03420,0.07653046659469502,0.07653046659469316,-2.4299127510821207e-12,False
SGL_RS08615,0.07653046659469502,0.07653046659469318,-2.4117790738352395e-12,False
SGL_RS13425,0.07653046659469502,0.0765304665946932,-2.3755117193414764e-12,False
SGL_RS06360,0.07653046659469502,0.07653046659469323,-2.339244364847713e-12,False
SGL_RS12695,0.07653046659469502,0.07653046659469324,-2.321110687600832e-12,False
SGL_RS13560,0.07653046659469502,0.07653046659469324,-2.321110687600832e-12,False
SGL_RS06305,0.07653046659469502,0.07653046659469324,-2.321110687600832e-12,False
SGL_RS01940,0.07653046659469502,0.07653046659469326,-2.3029770103539504e-12,False
SGL_RS14200,0.07653046659469502,0.07653046659469326,-2.3029770103539504e-12,False
SGL_RS05665,0.07653046659469502,0.07653046659469326,-2.3029770103539504e-12,False
SGL_RS01935,0.07653046659469502,0.07653046659469326,-2.3029770103539504e-12,False
SGL_RS09720,0.07653046659469502,0.07653046659469326,-2.3029770103539504e-12,False
SGL_RS08770,0.07653046659469502,0.07653046659469326,-2.3029770103539504e-12,False
SGL_RS08405,0.07653046659469502,0.07653046659469326,-2.3029770103539504e-12,False
SGL_RS08395,0.07653046659469502,0.07653046659469326,-2.3029770103539504e-12,False
SGL_RS17125,0.07653046659469502,0.07653046659469326,-2.3029770103539504e-12,False
SGL_RS03975,0.07653046659469502,0.07653046659469329,-2.2667096558601872e-12,False
SGL_RS06050,0.07653046659469502,0.07653046659469329,-2.2667096558601872e-12,False
SGL_RS14110,0.07653046659469502,0.07653046659469329,-2.2667096558601872e-12,False
SGL_RS14530,0.07653046659469502,0.07653046659469329,-2.2667096558601872e-12,False
SGL_RS09775,0.07653046659469502,0.07653046659469329,-2.2667096558601872e-12,False
SGL_RS06955,0.07653046659469502,0.07653046659469329,-2.2667096558601872e-12,False
SGL_RS11220,0.07653046659469502,0.07653046659469329,-2.2667096558601872e-12,False
SGL_RS09960,0.07653046659469502,0.07653046659469329,-2.2667096558601872e-12,False
SGL_RS02560,0.07653046659469502,0.07653046659469329,-2.2667096558601872e-12,False
SGL_RS12620,0.07653046659469502,0.07653046659469329,-2.2667096558601872e-12,False
SGL_RS14680,0.07653046659469502,0.07653046659469331,-2.2304423013664245e-12,False
SGL_RS10660,0.07653046659469502,0.07653046659469331,-2.2304423013664245e-12,False
SGL_RS15890,0.07653046659469502,0.07653046659469331,-2.2304423013664245e-12,False
SGL_RS03640,0.07653046659469502,0.07653046659469331,-2.2304423013664245e-12,False
SGL_RS09825,0.07653046659469502,0.07653046659469331,-2.2304423013664245e-12,False
SGL_RS18120,0.07653046659469502,0.07653046659469331,-2.2304423013664245e-12,False
SGL_RS04660,0.07653046659469502,0.07653046659469331,-2.2304423013664245e-12,False
SGL_RS15130,0.07653046659469502,0.07653046659469331,-2.2304423013664245e-12,False
SGL_RS14935,0.07653046659469502,0.07653046659469331,-2.2304423013664245e-12,False
SGL_RS03555,0.07653046659469502,0.07653046659469331,-2.2304423013664245e-12,False
SGL_RS17400,0.07653046659469502,0.07653046659469336,-2.1760412696257797e-12,False
sll5079,0.07653046659469502,0.07653046659469344,-2.067239206144491e-12,False
SGL_RS02755,0.07653046659469502,0.07653046659469345,-2.0491055288976094e-12,False
SGL_RS08475,0.07653046659469502,0.07653046659469348,-2.0128381744038462e-12,False
SGL_RS18020,0.07653046659469502,0.07653046659469348,-2.0128381744038462e-12,False
SGL_RS13675,0.07653046659469502,0.07653046659469348,-2.0128381744038462e-12,False
SGL_RS06840,0.07653046659469502,0.07653046659469348,-2.0128381744038462e-12,False
SGL_RS11700,0.07653046659469502,0.07653046659469348,-2.0128381744038462e-12,False
SGL_RS06815,0.07653046659469502,0.07653046659469348,-2.0128381744038462e-12,False
SGL_RS15700,0.07653046659469502,0.07653046659469348,-2.0128381744038462e-12,False
SGL_RS02380,0.07653046659469502,0.07653046659469351,-1.9765708199100834e-12,False
SGL_RS17805,0.07653046659469502,0.07653046659469351,-1.9765708199100834e-12,False
SGL_RS08655,0.07653046659469502,0.07653046659469351,-1.9765708199100834e-12,False
SGL_RS06150,0.07653046659469502,0.07653046659469354,-1.9403034654163203e-12,False
SGL_RS05550,0.07653046659469502,0.07653046659469354,-1.9403034654163203e-12,False
SGL_RS07035,0.07653046659469502,0.07653046659469354,-1.9403034654163203e-12,False
SGL_RS08115,0.07653046659469502,0.07653046659469354,-1.9403034654163203e-12,False
SGL_RS08135,0.07653046659469502,0.07653046659469354,-1.9403034654163203e-12,False
SGL_RS05545,0.07653046659469502,0.07653046659469354,-1.9403034654163203e-12,False
SGL_RS05540,0.07653046659469502,0.07653046659469354,-1.9403034654163203e-12,False
SGL_RS10250,0.07653046659469502,0.07653046659469355,-1.9221697881694387e-12,False
SGL_RS08620,0.07653046659469502,0.07653046659469355,-1.9221697881694387e-12,False
SGL_RS15440,0.07653046659469502,0.07653046659469356,-1.904036110922557e-12,False
SGL_RS06530,0.07653046659469502,0.07653046659469356,-1.904036110922557e-12,False
SGL_RS13415,0.07653046659469502,0.07653046659469358,-1.885902433675676e-12,False
SGL_RS13835,0.07653046659469502,0.07653046659469359,-1.8677687564287943e-12,False
SGL_RS18325,0.07653046659469502,0.07653046659469359,-1.8677687564287943e-12,False
SGL_RS02435,0.07653046659469502,0.07653046659469359,-1.8677687564287943e-12,False
SGL_RS02955,0.07653046659469502,0.0765304665946936,-1.8496350791819127e-12,False
SGL_RS12965,0.07653046659469502,0.0765304665946936,-1.8496350791819127e-12,False
SGL_RS17630,0.07653046659469502,0.0765304665946936,-1.8496350791819127e-12,False
SGL_RS12175,0.07653046659469502,0.0765304665946936,-1.8496350791819127e-12,False
SGL_RS10610,0.07653046659469502,0.07653046659469362,-1.831501401935031e-12,False
SGL_RS05605,0.07653046659469502,0.07653046659469362,-1.831501401935031e-12,False
SGL_RS15515,0.07653046659469502,0.07653046659469365,-1.7952340474412684e-12,False
SGL_RS08865,0.07653046659469502,0.07653046659469369,-1.7408330157006238e-12,False
SGL_RS06885,0.07653046659469502,0.07653046659469369,-1.7408330157006238e-12,False
SGL_RS13640,0.07653046659469502,0.07653046659469369,-1.7408330157006238e-12,False
SGL_RS12465,0.07653046659469502,0.07653046659469369,-1.7408330157006238e-12,False
SGL_RS09315,0.07653046659469502,0.07653046659469369,-1.7408330157006238e-12,False
SGL_RS12820,0.07653046659469502,0.07653046659469369,-1.7408330157006238e-12,False
SGL_RS12525,0.07653046659469502,0.07653046659469369,-1.7408330157006238e-12,False
SGL_RS13035,0.07653046659469502,0.07653046659469369,-1.7408330157006238e-12,False
SGL_RS17045,0.07653046659469502,0.07653046659469369,-1.7408330157006238e-12,False
SGL_RS08885,0.07653046659469502,0.07653046659469369,-1.7408330157006238e-12,False
SGL_RS08400,0.07653046659469502,0.0765304665946937,-1.7226993384537422e-12,False
SGL_RS02310,0.07653046659469502,0.07653046659469373,-1.6864319839599794e-12,False
SGL_RS03590,0.07653046659469502,0.07653046659469373,-1.6864319839599794e-12,False
SGL_RS13200,0.07653046659469502,0.07653046659469374,-1.6682983067130979e-12,False
SGL_RS15030,0.07653046659469502,0.07653046659469374,-1.6682983067130979e-12,False
SGL_RS04900,0.07653046659469502,0.07653046659469374,-1.6682983067130979e-12,False
SGL_RS14260,0.07653046659469502,0.07653046659469374,-1.6682983067130979e-12,False
SGL_RS06975,0.07653046659469502,0.07653046659469377,-1.6320309522193347e-12,False
sml0004,0.07653046659469502,0.07653046659469377,-1.6320309522193347e-12,False
SGL_RS05235,0.07653046659469502,0.07653046659469377,-1.6320309522193347e-12,False
SGL_RS07320,0.07653046659469502,0.07653046659469377,-1.6320309522193347e-12,False
SGL_RS11420,0.07653046659469502,0.07653046659469377,-1.6320309522193347e-12,False
SGL_RS18055,0.07653046659469502,0.07653046659469377,-1.6320309522193347e-12,False
SGL_RS13205,0.07653046659469502,0.07653046659469377,-1.6320309522193347e-12,False
SGL_RS15590,0.07653046659469502,0.07653046659469377,-1.6320309522193347e-12,False
SGL_RS07315,0.07653046659469502,0.07653046659469377,-1.6320309522193347e-12,False
SGL_RS16400,0.07653046659469502,0.07653046659469377,-1.6320309522193347e-12,False
SGL_RS03465,0.07653046659469502,0.07653046659469377,-1.6320309522193347e-12,False
SGL_RS04365,0.07653046659469502,0.07653046659469377,-1.6320309522193347e-12,False
SGL_RS08590,0.07653046659469502,0.07653046659469377,-1.6320309522193347e-12,False
SGL_RS07605,0.07653046659469502,0.07653046659469377,-1.6320309522193347e-12,False
SGL_RS09170,0.07653046659469502,0.07653046659469377,-1.6320309522193347e-12,False
SGL_RS03255,0.07653046659469502,0.07653046659469377,-1.6320309522193347e-12,False
SGL_RS16825,0.07653046659469502,0.07653046659469379,-1.6138972749724535e-12,False
SGL_RS07215,0.07653046659469502,0.0765304665946938,-1.595763597725572e-12,False
SGL_RS17825,0.07653046659469502,0.07653046659469383,-1.5594962432318087e-12,False
SGL_RS08510,0.07653046659469502,0.07653046659469383,-1.5594962432318087e-12,False
SGL_RS06605,0.07653046659469502,0.07653046659469383,-1.5594962432318087e-12,False
SGL_RS06015,0.07653046659469502,0.07653046659469386,-1.523228888738046e-12,False
SGL_RS10830,0.07653046659469502,0.07653046659469386,-1.523228888738046e-12,False
SGL_RS14500,0.07653046659469502,0.07653046659469386,-1.523228888738046e-12,False
SGL_RS14580,0.07653046659469502,0.07653046659469386,-1.523228888738046e-12,False
SGL_RS02965,0.07653046659469502,0.07653046659469386,-1.523228888738046e-12,False
SGL_RS16360,0.07653046659469502,0.07653046659469386,-1.523228888738046e-12,False
SGL_RS11685,0.07653046659469502,0.07653046659469388,-1.4869615342442828e-12,False
SGL_RS16365,0.07653046659469502,0.07653046659469391,-1.45069417975052e-12,False
SGL_RS09430,0.07653046659469502,0.07653046659469391,-1.45069417975052e-12,False
SGL_RS11955,0.07653046659469502,0.07653046659469394,-1.4144268252567568e-12,False
SGL_RS14880,0.07653046659469502,0.07653046659469395,-1.3962931480098752e-12,False
SGL_RS12080,0.07653046659469502,0.07653046659469397,-1.3781594707629939e-12,False
SGL_RS04530,0.07653046659469502,0.07653046659469397,-1.3781594707629939e-12,False
SGL_RS11425,0.07653046659469502,0.07653046659469397,-1.3781594707629939e-12,False
SGL_RS17600,0.07653046659469502,0.07653046659469397,-1.3781594707629939e-12,False
SGL_RS16460,0.07653046659469502,0.07653046659469397,-1.3781594707629939e-12,False
SGL_RS04440,0.07653046659469502,0.07653046659469397,-1.3781594707629939e-12,False
SGL_RS16405,0.07653046659469502,0.07653046659469397,-1.3781594707629939e-12,False
SGL_RS03805,0.07653046659469502,0.07653046659469397,-1.3781594707629939e-12,False
SGL_RS02645,0.07653046659469502,0.07653046659469397,-1.3781594707629939e-12,False
smr0009,0.07653046659469502,0.076530466594694,-1.3418921162692309e-12,False
ssl3803,0.07653046659469502,0.07653046659469401,-1.3237584390223493e-12,False
SGL_RS13165,0.07653046659469502,0.07653046659469402,-1.305624761775468e-12,False
SGL_RS02035,0.07653046659469502,0.07653046659469404,-1.2874910845285863e-12,False
SGL_RS04090,0.07653046659469502,0.07653046659469408,-1.233090052787942e-12,False
SGL_RS12650,0.07653046659469502,0.07653046659469408,-1.233090052787942e-12,False
SGL_RS11345,0.07653046659469502,0.07653046659469408,-1.233090052787942e-12,False
SGL_RS14055,0.07653046659469502,0.07653046659469408,-1.233090052787942e-12,False
SGL_RS13180,0.07653046659469502,0.07653046659469408,-1.233090052787942e-12,False
SGL_RS06890,0.07653046659469502,0.07653046659469408,-1.233090052787942e-12,False
SGL_RS13385,0.07653046659469502,0.07653046659469408,-1.233090052787942e-12,False
SGL_RS10620,0.07653046659469502,0.07653046659469408,-1.233090052787942e-12,False
SGL_RS11825,0.07653046659469502,0.0765304665946941,-1.196822698294179e-12,False
SGL_RS16585,0.07653046659469502,0.0765304665946941,-1.196822698294179e-12,False
SGL_RS03970,0.07653046659469502,0.0765304665946941,-1.196822698294179e-12,False
SGL_RS16695,0.07653046659469502,0.0765304665946941,-1.196822698294179e-12,False
SGL_RS09335,0.07653046659469502,0.0765304665946941,-1.196822698294179e-12,False
SGL_RS14155,0.07653046659469502,0.0765304665946941,-1.196822698294179e-12,False
SGL_RS09040,0.07653046659469502,0.0765304665946941,-1.196822698294179e-12,False
SGL_RS14000,0.07653046659469502,0.0765304665946941,-1.196822698294179e-12,False
SGL_RS12165,0.07653046659469502,0.0765304665946941,-1.196822698294179e-12,False
SGL_RS11810,0.07653046659469502,0.0765304665946941,-1.196822698294179e-12,False
SGL_RS12030,0.07653046659469502,0.0765304665946941,-1.196822698294179e-12,False
SGL_RS15825,0.07653046659469502,0.0765304665946941,-1.196822698294179e-12,False
SGL_RS16570,0.07653046659469502,0.0765304665946941,-1.196822698294179e-12,False
SGL_RS05620,0.07653046659469502,0.0765304665946941,-1.196822698294179e-12,False
SGL_RS15100,0.07653046659469502,0.0765304665946941,-1.196822698294179e-12,False
SGL_RS18155,0.07653046659469502,0.0765304665946941,-1.196822698294179e-12,False
SGL_RS07090,0.07653046659469502,0.0765304665946941,-1.196822698294179e-12,False
SGL_RS12475,0.07653046659469502,0.0765304665946941,-1.196822698294179e-12,False
SGL_RS04015,0.07653046659469502,0.0765304665946941,-1.196822698294179e-12,False
SGL_RS14920,0.07653046659469502,0.0765304665946941,-1.196822698294179e-12,False
SGL_RS08035,0.07653046659469502,0.0765304665946941,-1.196822698294179e-12,False
SGL_RS05435,0.07653046659469502,0.0765304665946941,-1.196822698294179e-12,False
SGL_RS14915,0.07653046659469502,0.0765304665946941,-1.196822698294179e-12,False
SGL_RS16270,0.07653046659469502,0.0765304665946941,-1.196822698294179e-12,False
SGL_RS08700,0.07653046659469502,0.0765304665946941,-1.196822698294179e-12,False
SGL_RS09045,0.07653046659469502,0.0765304665946941,-1.196822698294179e-12,False
SGL_RS16565,0.07653046659469502,0.0765304665946941,-1.196822698294179e-12,False
SGL_RS10915,0.07653046659469502,0.0765304665946941,-1.196822698294179e-12,False
SGL_RS03245,0.07653046659469502,0.0765304665946941,-1.196822698294179e-12,False
SGL_RS08850,0.07653046659469502,0.0765304665946941,-1.196822698294179e-12,False
SGL_RS09035,0.07653046659469502,0.0765304665946941,-1.196822698294179e-12,False
SGL_RS07665,0.07653046659469502,0.0765304665946941,-1.196822698294179e-12,False
SGL_RS10910,0.07653046659469502,0.0765304665946941,-1.196822698294179e-12,False
SGL_RS12585,0.07653046659469502,0.0765304665946941,-1.196822698294179e-12,False
SGL_RS15495,0.07653046659469502,0.0765304665946941,-1.196822698294179e-12,False
SGL_RS11390,0.07653046659469502,0.0765304665946941,-1.196822698294179e-12,False
SGL_RS16420,0.07653046659469502,0.07653046659469413,-1.160555343800416e-12,False
SGL_RS11085,0.07653046659469502,0.07653046659469416,-1.1242879893066528e-12,False
SGL_RS03080,0.07653046659469502,0.07653046659469417,-1.1061543120597714e-12,False
SGL_RS01970,0.07653046659469502,0.07653046659469419,-1.0880206348128899e-12,False
SGL_RS10390,0.07653046659469502,0.07653046659469419,-1.0880206348128899e-12,False
SGL_RS07980,0.07653046659469502,0.0765304665946942,-1.0698869575660085e-12,False
SGL_RS10960,0.07653046659469502,0.07653046659469422,-1.0517532803191269e-12,False
SGL_RS09060,0.07653046659469502,0.07653046659469422,-1.0517532803191269e-12,False
SGL_RS16080,0.07653046659469502,0.07653046659469423,-1.0336196030722455e-12,False
SGL_RS11320,0.07653046659469502,0.07653046659469423,-1.0336196030722455e-12,False
SGL_RS09640,0.07653046659469502,0.07653046659469426,-9.973522485784823e-13,False
SGL_RS03055,0.07653046659469502,0.07653046659469426,-9.973522485784823e-13,False
SGL_RS08580,0.07653046659469502,0.07653046659469429,-9.610848940847193e-13,False
SGL_RS15640,0.07653046659469502,0.0765304665946943,-9.42951216837838e-13,False
sll0831,0.07653046659469502,0.07653046659469433,-9.066838623440749e-13,False
SGL_RS06370,0.07653046659469502,0.07653046659469433,-9.066838623440749e-13,False
SGL_RS03545,0.07653046659469502,0.07653046659469434,-8.885501850971934e-13,False
SGL_RS10380,0.07653046659469502,0.07653046659469434,-8.885501850971934e-13,False
sml0003,0.07653046659469502,0.07653046659469438,-8.341491533565489e-13,False
SGL_RS06345,0.07653046659469502,0.0765304665946944,-8.160154761096673e-13,False
SGL_RS15265,0.07653046659469502,0.0765304665946944,-8.160154761096673e-13,False
SGL_RS09075,0.07653046659469502,0.0765304665946944,-8.160154761096673e-13,False
SGL_RS05015,0.07653046659469502,0.0765304665946944,-8.160154761096673e-13,False
SGL_RS02780,0.07653046659469502,0.0765304665946944,-8.160154761096673e-13,False
SGL_RS09080,0.07653046659469502,0.0765304665946944,-8.160154761096673e-13,False
SGL_RS12345,0.07653046659469502,0.0765304665946944,-8.160154761096673e-13,False
SGL_RS13005,0.07653046659469502,0.0765304665946944,-8.160154761096673e-13,False
SGL_RS11230,0.07653046659469502,0.0765304665946944,-8.160154761096673e-13,False
SGL_RS05010,0.07653046659469502,0.0765304665946944,-8.160154761096673e-13,False
SGL_RS06795,0.07653046659469502,0.07653046659469441,-7.97881798862786e-13,False
SGL_RS10720,0.07653046659469502,0.07653046659469441,-7.97881798862786e-13,False
SGL_RS14185,0.07653046659469502,0.07653046659469441,-7.97881798862786e-13,False
SGL_RS10490,0.07653046659469502,0.07653046659469441,-7.97881798862786e-13,False
SGL_RS17425,0.07653046659469502,0.07653046659469441,-7.97881798862786e-13,False
SGL_RS10570,0.07653046659469502,0.07653046659469442,-7.797481216159044e-13,False
SGL_RS08980,0.07653046659469502,0.07653046659469442,-7.797481216159044e-13,False
SGL_RS12135,0.07653046659469502,0.07653046659469442,-7.797481216159044e-13,False
SGL_RS12955,0.07653046659469502,0.07653046659469444,-7.61614444369023e-13,False
SGL_RS09225,0.07653046659469502,0.07653046659469444,-7.61614444369023e-13,False
SGL_RS06685,0.07653046659469502,0.07653046659469448,-7.072134126283784e-13,False
SGL_RS08415,0.07653046659469502,0.07653046659469448,-7.072134126283784e-13,False
SGL_RS13805,0.07653046659469502,0.07653046659469448,-7.072134126283784e-13,False
SGL_RS11365,0.07653046659469502,0.07653046659469448,-7.072134126283784e-13,False
SGL_RS07840,0.07653046659469502,0.07653046659469448,-7.072134126283784e-13,False
SGL_RS04360,0.07653046659469502,0.07653046659469448,-7.072134126283784e-13,False
SGL_RS02995,0.07653046659469502,0.07653046659469448,-7.072134126283784e-13,False
SGL_RS10930,0.07653046659469502,0.07653046659469448,-7.072134126283784e-13,False
SGL_RS15140,0.07653046659469502,0.07653046659469448,-7.072134126283784e-13,False
SGL_RS10925,0.07653046659469502,0.07653046659469448,-7.072134126283784e-13,False
SGL_RS12260,0.07653046659469502,0.07653046659469448,-7.072134126283784e-13,False
SGL_RS10890,0.07653046659469502,0.07653046659469448,-7.072134126283784e-13,False
SGL_RS16185,0.07653046659469502,0.07653046659469448,-7.072134126283784e-13,False
SGL_RS13490,0.07653046659469502,0.07653046659469448,-7.072134126283784e-13,False
SGL_RS07690,0.07653046659469502,0.07653046659469448,-7.072134126283784e-13,False
SGL_RS16680,0.07653046659469502,0.07653046659469448,-7.072134126283784e-13,False
SGL_RS17955,0.07653046659469502,0.07653046659469448,-7.072134126283784e-13,False
SGL_RS09110,0.07653046659469502,0.07653046659469448,-7.072134126283784e-13,False
SGL_RS05165,0.07653046659469502,0.07653046659469448,-7.072134126283784e-13,False
SGL_RS08775,0.07653046659469502,0.07653046659469448,-7.072134126283784e-13,False
SGL_RS04815,0.07653046659469502,0.07653046659469448,-7.072134126283784e-13,False
SGL_RS14350,0.07653046659469502,0.07653046659469448,-7.072134126283784e-13,False
SGL_RS14365,0.07653046659469502,0.07653046659469448,-7.072134126283784e-13,False
SGL_RS03355,0.07653046659469502,0.07653046659469448,-7.072134126283784e-13,False
sll7050,0.07653046659469502,0.07653046659469448,-7.072134126283784e-13,False
SGL_RS13900,0.07653046659469502,0.07653046659469448,-7.072134126283784e-13,False
slr7059,0.07653046659469502,0.07653046659469448,-7.072134126283784e-13,False
SGL_RS04190,0.07653046659469502,0.07653046659469448,-7.072134126283784e-13,False
SGL_RS18145,0.07653046659469502,0.07653046659469448,-7.072134126283784e-13,False
sll5104,0.07653046659469502,0.07653046659469448,-7.072134126283784e-13,False
SGL_RS18050,0.07653046659469502,0.07653046659469448,-7.072134126283784e-13,False
SGL_RS16150,0.07653046659469502,0.07653046659469448,-7.072134126283784e-13,False
SGL_RS13580,0.07653046659469502,0.07653046659469448,-7.072134126283784e-13,False
SGL_RS08250,0.07653046659469502,0.07653046659469448,-7.072134126283784e-13,False
SGL_RS06365,0.07653046659469502,0.07653046659469448,-7.072134126283784e-13,False
SGL_RS14835,0.07653046659469502,0.07653046659469448,-7.072134126283784e-13,False
SGL_RS15810,0.07653046659469502,0.07653046659469448,-7.072134126283784e-13,False
sll8012,0.07653046659469502,0.07653046659469448,-7.072134126283784e-13,False
SGL_RS06070,0.07653046659469502,0.07653046659469448,-7.072134126283784e-13,False
SGL_RS15560,0.07653046659469502,0.07653046659469448,-7.072134126283784e-13,False
SGL_RS14135,0.07653046659469502,0.07653046659469448,-7.072134126283784e-13,False
SGL_RS16645,0.07653046659469502,0.07653046659469448,-7.072134126283784e-13,False
SGL_RS16775,0.07653046659469502,0.07653046659469448,-7.072134126283784e-13,False
SGL_RS16720,0.07653046659469502,0.07653046659469448,-7.072134126283784e-13,False
SGL_RS16655,0.07653046659469502,0.07653046659469448,-7.072134126283784e-13,False
SGL_RS11275,0.07653046659469502,0.07653046659469448,-7.072134126283784e-13,False
SGL_RS08340,0.07653046659469502,0.07653046659469448,-7.072134126283784e-13,False
SGL_RS14860,0.07653046659469502,0.07653046659469448,-7.072134126283784e-13,False
SGL_RS11450,0.07653046659469502,0.07653046659469448,-7.072134126283784e-13,False
SGL_RS04920,0.07653046659469502,0.07653046659469448,-7.072134126283784e-13,False
SGL_RS04935,0.07653046659469502,0.07653046659469448,-7.072134126283784e-13,False
SGL_RS11025,0.07653046659469502,0.07653046659469448,-7.072134126283784e-13,False
SGL_RS06770,0.07653046659469502,0.07653046659469448,-7.072134126283784e-13,False
SGL_RS03900,0.07653046659469502,0.07653046659469448,-7.072134126283784e-13,False
SGL_RS06545,0.07653046659469502,0.07653046659469448,-7.072134126283784e-13,False
SGL_RS05225,0.07653046659469502,0.07653046659469448,-7.072134126283784e-13,False
SGL_RS01900,0.07653046659469502,0.07653046659469448,-7.072134126283784e-13,False
SGL_RS09725,0.07653046659469502,0.07653046659469448,-7.072134126283784e-13,False
SGL_RS09740,0.07653046659469502,0.07653046659469448,-7.072134126283784e-13,False
SGL_RS06865,0.07653046659469502,0.07653046659469448,-7.072134126283784e-13,False
SGL_RS09270,0.07653046659469502,0.07653046659469448,-7.072134126283784e-13,False
SGL_RS07160,0.07653046659469502,0.07653046659469448,-7.072134126283784e-13,False
SGL_RS10865,0.07653046659469502,0.07653046659469448,-7.072134126283784e-13,False
SGL_RS14180,0.07653046659469502,0.07653046659469448,-7.072134126283784e-13,False
SGL_RS13330,0.07653046659469502,0.07653046659469448,-7.072134126283784e-13,False
SGL_RS14290,0.07653046659469502,0.07653046659469448,-7.072134126283784e-13,False
SGL_RS07490,0.07653046659469502,0.07653046659469448,-7.072134126283784e-13,False
SGL_RS03010,0.07653046659469502,0.07653046659469448,-7.072134126283784e-13,False
SGL_RS13565,0.07653046659469502,0.07653046659469448,-7.072134126283784e-13,False
SGL_RS13995,0.07653046659469502,0.07653046659469448,-7.072134126283784e-13,False
SGL_RS08390,0.07653046659469502,0.07653046659469448,-7.072134126283784e-13,False
SGL_RS02850,0.07653046659469502,0.07653046659469448,-7.072134126283784e-13,False
SGL_RS14375,0.07653046659469502,0.07653046659469448,-7.072134126283784e-13,False
SGL_RS11990,0.07653046659469502,0.07653046659469448,-7.072134126283784e-13,False
SGL_RS07105,0.07653046659469502,0.07653046659469448,-7.072134126283784e-13,False
SGL_RS15695,0.07653046659469502,0.07653046659469448,-7.072134126283784e-13,False
SGL_RS16895,0.07653046659469502,0.07653046659469448,-7.072134126283784e-13,False
SGL_RS14540,0.07653046659469502,0.07653046659469448,-7.072134126283784e-13,False
SGL_RS15160,0.07653046659469502,0.07653046659469448,-7.072134126283784e-13,False
SGL_RS05525,0.07653046659469502,0.07653046659469448,-7.072134126283784e-13,False
SGL_RS15745,0.07653046659469502,0.07653046659469448,-7.072134126283784e-13,False
SGL_RS08610,0.07653046659469502,0.07653046659469448,-7.072134126283784e-13,False
SGL_RS02230,0.07653046659469502,0.07653046659469448,-7.072134126283784e-13,False
SGL_RS05615,0.07653046659469502,0.07653046659469448,-7.072134126283784e-13,False
SGL_RS03350,0.07653046659469502,0.07653046659469448,-7.072134126283784e-13,False
SGL_RS03810,0.07653046659469502,0.07653046659469448,-7.072134126283784e-13,False
SGL_RS01905,0.07653046659469502,0.07653046659469448,-7.072134126283784e-13,False
SGL_RS16515,0.07653046659469502,0.07653046659469448,-7.072134126283784e-13,False
SGL_RS03665,0.07653046659469502,0.07653046659469448,-7.072134126283784e-13,False
SGL_RS10385,0.07653046659469502,0.07653046659469448,-7.072134126283784e-13,False
SGL_RS14195,0.07653046659469502,0.07653046659469448,-7.072134126283784e-13,False
SGL_RS10270,0.07653046659469502,0.07653046659469448,-7.072134126283784e-13,False
SGL_RS15060,0.07653046659469502,0.07653046659469448,-7.072134126283784e-13,False
SGL_RS14780,0.07653046659469502,0.07653046659469448,-7.072134126283784e-13,False
SGL_RS16650,0.07653046659469502,0.07653046659469448,-7.072134126283784e-13,False
SGL_RS15665,0.07653046659469502,0.07653046659469448,-7.072134126283784e-13,False
SGL_RS16980,0.07653046659469502,0.07653046659469448,-7.072134126283784e-13,False
SGL_RS17635,0.07653046659469502,0.07653046659469448,-7.072134126283784e-13,False
SGL_RS12040,0.07653046659469502,0.07653046659469448,-7.072134126283784e-13,False
SGL_RS16640,0.07653046659469502,0.07653046659469448,-7.072134126283784e-13,False
SGL_RS17200,0.07653046659469502,0.07653046659469448,-7.072134126283784e-13,False
SGL_RS13855,0.07653046659469502,0.07653046659469448,-7.072134126283784e-13,False
SGL_RS03410,0.07653046659469502,0.07653046659469448,-7.072134126283784e-13,False
SGL_RS04070,0.07653046659469502,0.07653046659469448,-7.072134126283784e-13,False
SGL_RS07055,0.07653046659469502,0.07653046659469448,-7.072134126283784e-13,False
SGL_RS11625,0.07653046659469502,0.0765304665946945,-6.890797353814969e-13,False
SGL_RS10110,0.07653046659469502,0.0765304665946945,-6.890797353814969e-13,False
SGL_RS08200,0.07653046659469502,0.07653046659469455,-6.16545026393971e-13,False
SGL_RS05320,0.07653046659469502,0.07653046659469456,-5.984113491470895e-13,False
SGL_RS06010,0.07653046659469502,0.07653046659469456,-5.984113491470895e-13,False
SGL_RS05755,0.07653046659469502,0.07653046659469458,-5.80277671900208e-13,False
SGL_RS12880,0.07653046659469502,0.07653046659469458,-5.80277671900208e-13,False
SGL_RS04290,0.07653046659469502,0.07653046659469458,-5.80277671900208e-13,False
SGL_RS11080,0.07653046659469502,0.07653046659469458,-5.80277671900208e-13,False
SGL_RS04775,0.07653046659469502,0.07653046659469459,-5.621439946533264e-13,False
SGL_RS17675,0.07653046659469502,0.07653046659469459,-5.621439946533264e-13,False
SGL_RS17240,0.07653046659469502,0.07653046659469467,-4.5334193117203744e-13,False
SGL_RS09805,0.07653046659469502,0.07653046659469467,-4.5334193117203744e-13,False
SGL_RS14390,0.07653046659469502,0.07653046659469467,-4.5334193117203744e-13,False
SGL_RS11240,0.07653046659469502,0.07653046659469467,-4.5334193117203744e-13,False
SGL_RS07720,0.07653046659469502,0.07653046659469467,-4.5334193117203744e-13,False
SGL_RS02600,0.07653046659469502,0.07653046659469467,-4.5334193117203744e-13,False
SGL_RS09800,0.07653046659469502,0.07653046659469467,-4.5334193117203744e-13,False
SGL_RS12450,0.07653046659469502,0.07653046659469467,-4.5334193117203744e-13,False
SGL_RS09810,0.07653046659469502,0.07653046659469467,-4.5334193117203744e-13,False
SGL_RS13765,0.07653046659469502,0.07653046659469467,-4.5334193117203744e-13,False
SGL_RS12900,0.07653046659469502,0.07653046659469467,-4.5334193117203744e-13,False
SGL_RS17820,0.07653046659469502,0.07653046659469467,-4.5334193117203744e-13,False
SGL_RS11980,0.07653046659469502,0.07653046659469467,-4.5334193117203744e-13,False
SGL_RS08090,0.07653046659469502,0.07653046659469472,-3.98940899431393e-13,False
SGL_RS02030,0.07653046659469502,0.07653046659469472,-3.98940899431393e-13,False
SGL_RS12745,0.07653046659469502,0.07653046659469472,-3.98940899431393e-13,False
SGL_RS08625,0.07653046659469502,0.07653046659469476,-3.4453986769074846e-13,False
SGL_RS16085,0.07653046659469502,0.07653046659469476,-3.4453986769074846e-13,False
SGL_RS08660,0.07653046659469502,0.07653046659469476,-3.4453986769074846e-13,False
SGL_RS16795,0.07653046659469502,0.07653046659469476,-3.4453986769074846e-13,False
SGL_RS06895,0.07653046659469502,0.07653046659469476,-3.4453986769074846e-13,False
SGL_RS08880,0.07653046659469502,0.07653046659469476,-3.4453986769074846e-13,False
SGL_RS08220,0.07653046659469502,0.07653046659469476,-3.4453986769074846e-13,False
SGL_RS07100,0.07653046659469502,0.07653046659469476,-3.4453986769074846e-13,False
SGL_RS16525,0.07653046659469502,0.07653046659469476,-3.4453986769074846e-13,False
SGL_RS06270,0.07653046659469502,0.07653046659469476,-3.4453986769074846e-13,False
SGL_RS16100,0.07653046659469502,0.07653046659469476,-3.4453986769074846e-13,False
SGL_RS06265,0.07653046659469502,0.07653046659469476,-3.4453986769074846e-13,False
SGL_RS15335,0.07653046659469502,0.07653046659469484,-2.357378042094595e-13,False
SGL_RS14205,0.07653046659469502,0.07653046659469485,-2.1760412696257798e-13,False
SGL_RS14955,0.07653046659469502,0.07653046659469488,-1.81336772468815e-13,False
SGL_RS04340,0.07653046659469502,0.0765304665946949,-1.632030952219335e-13,False
SGL_RS11925,0.07653046659469502,0.07653046659469492,-1.269357407281705e-13,False
SGL_RS15455,0.07653046659469502,0.07653046659469494,-1.0880206348128899e-13,False
SGL_RS17085,0.07653046659469502,0.07653046659469495,-9.06683862344075e-14,False
SGL_RS03705,0.07653046659469502,0.07653046659469497,-7.2534708987526e-14,False
SGL_RS09345,0.07653046659469502,0.07653046659469499,-3.6267354493763e-14,False
SGL_RS07325,0.07653046659469502,0.07653046659469502,0.0,False
SGL_RS02795,0.07653046659469502,0.07653046659469502,0.0,False
SGL_RS16580,0.07653046659469502,0.07653046659469503,1.81336772468815e-14,False
SGL_RS14190,0.07653046659469502,0.07653046659469503,1.81336772468815e-14,False
SGL_RS04545,0.07653046659469502,0.07653046659469505,3.6267354493763e-14,False
SGL_RS11140,0.07653046659469502,0.07653046659469505,3.6267354493763e-14,False
SGL_RS09915,0.07653046659469502,0.07653046659469505,3.6267354493763e-14,False
SGL_RS14930,0.07653046659469502,0.07653046659469505,3.6267354493763e-14,False
SGL_RS02070,0.07653046659469502,0.07653046659469505,3.6267354493763e-14,False
SGL_RS05575,0.07653046659469502,0.07653046659469505,3.6267354493763e-14,False
SGL_RS18130,0.07653046659469502,0.07653046659469505,3.6267354493763e-14,False
SGL_RS02635,0.07653046659469502,0.07653046659469506,5.4401031740644494e-14,False
SGL_RS01930,0.07653046659469502,0.07653046659469508,7.2534708987526e-14,False
SGL_RS16030,0.07653046659469502,0.07653046659469509,9.06683862344075e-14,False
SGL_RS13830,0.07653046659469502,0.07653046659469509,9.06683862344075e-14,False
SGL_RS17040,0.07653046659469502,0.07653046659469513,1.45069417975052e-13,False
SGL_RS05875,0.07653046659469502,0.07653046659469513,1.45069417975052e-13,False
SGL_RS16015,0.07653046659469502,0.07653046659469513,1.45069417975052e-13,False
SGL_RS05245,0.07653046659469502,0.07653046659469513,1.45069417975052e-13,False
SGL_RS12595,0.07653046659469502,0.07653046659469513,1.45069417975052e-13,False
SGL_RS17175,0.07653046659469502,0.07653046659469513,1.45069417975052e-13,False
SGL_RS08585,0.07653046659469502,0.07653046659469513,1.45069417975052e-13,False
SGL_RS10475,0.07653046659469502,0.07653046659469513,1.45069417975052e-13,False
SGL_RS02305,0.07653046659469502,0.07653046659469513,1.45069417975052e-13,False
SGL_RS14865,0.07653046659469502,0.07653046659469513,1.45069417975052e-13,False
SGL_RS05250,0.07653046659469502,0.07653046659469513,1.45069417975052e-13,False
SGL_RS09865,0.07653046659469502,0.07653046659469515,1.632030952219335e-13,False
SGL_RS05230,0.07653046659469502,0.07653046659469516,1.81336772468815e-13,False
SGL_RS01875,0.07653046659469502,0.07653046659469517,1.994704497156965e-13,False
SGL_RS12850,0.07653046659469502,0.07653046659469524,2.90138835950104e-13,False
SGL_RS12335,0.07653046659469502,0.07653046659469526,3.082725131969855e-13,False
SGL_RS02095,0.07653046659469502,0.07653046659469526,3.082725131969855e-13,False
SGL_RS13125,0.07653046659469502,0.07653046659469526,3.082725131969855e-13,False
SGL_RS11935,0.07653046659469502,0.07653046659469526,3.082725131969855e-13,False
SGL_RS03265,0.07653046659469502,0.07653046659469527,3.26406190443867e-13,False
SGL_RS05565,0.07653046659469502,0.07653046659469528,3.4453986769074846e-13,False
SGL_RS06580,0.07653046659469502,0.07653046659469528,3.4453986769074846e-13,False
SGL_RS13450,0.07653046659469502,0.07653046659469528,3.4453986769074846e-13,False
SGL_RS17005,0.07653046659469502,0.0765304665946953,3.6267354493763e-13,False
SGL_RS01945,0.07653046659469502,0.07653046659469534,4.1707457667827446e-13,False
SGL_RS11645,0.07653046659469502,0.07653046659469535,4.3520825392515595e-13,False
SGL_RS05240,0.07653046659469502,0.07653046659469535,4.3520825392515595e-13,False
SGL_RS13785,0.07653046659469502,0.0765304665946954,4.896092856658005e-13,False
SGL_RS02960,0.07653046659469502,0.07653046659469542,5.258766401595634e-13,False
SGL_RS13610,0.07653046659469502,0.07653046659469545,5.621439946533264e-13,False
SGL_RS14825,0.07653046659469502,0.07653046659469549,6.16545026393971e-13,False
SGL_RS10525,0.07653046659469502,0.07653046659469558,7.2534708987526e-13,False
SGL_RS06590,0.07653046659469502,0.07653046659469558,7.2534708987526e-13,False
SGL_RS01910,0.07653046659469502,0.07653046659469558,7.2534708987526e-13,False
SGL_RS05455,0.07653046659469502,0.0765304665946956,7.61614444369023e-13,False
SGL_RS08870,0.07653046659469502,0.07653046659469563,7.97881798862786e-13,False
SGL_RS02105,0.07653046659469502,0.07653046659469563,7.97881798862786e-13,False
SGL_RS09795,0.07653046659469502,0.07653046659469565,8.160154761096673e-13,False
SGL_RS03020,0.07653046659469502,0.07653046659469566,8.341491533565489e-13,False
SGL_RS16275,0.07653046659469502,0.07653046659469566,8.341491533565489e-13,False
SGL_RS13810,0.07653046659469502,0.07653046659469566,8.341491533565489e-13,False
SGL_RS01895,0.07653046659469502,0.07653046659469567,8.522828306034305e-13,False
SGL_RS14505,0.07653046659469502,0.07653046659469571,9.066838623440749e-13,False
SGL_RS03800,0.07653046659469502,0.07653046659469571,9.066838623440749e-13,False
SGL_RS11170,0.07653046659469502,0.07653046659469574,9.42951216837838e-13,False
SGL_RS13090,0.07653046659469502,0.07653046659469576,9.610848940847193e-13,False
SGL_RS14875,0.07653046659469502,0.07653046659469581,1.0336196030722455e-12,False
SGL_RS11045,0.07653046659469502,0.07653046659469587,1.1061543120597714e-12,False
SGL_RS11340,0.07653046659469502,0.07653046659469591,1.160555343800416e-12,False
SGL_RS10530,0.07653046659469502,0.07653046659469596,1.233090052787942e-12,False
SGL_RS06260,0.07653046659469502,0.07653046659469596,1.233090052787942e-12,False
SGL_RS14025,0.07653046659469502,0.07653046659469605,1.3418921162692309e-12,False
SGL_RS05460,0.07653046659469502,0.0765304665946961,1.4144268252567568e-12,False
SGL_RS15740,0.07653046659469502,0.07653046659469623,1.5776299204786903e-12,False
SGL_RS05570,0.07653046659469502,0.0765304665946963,1.6682983067130979e-12,False
SGL_RS06595,0.07653046659469502,0.07653046659469649,1.9221697881694387e-12,False
SGL_RS04385,0.07653046659469502,0.07653046659469656,2.0128381744038462e-12,False
SGL_RS10905,0.07653046659469502,0.07653046659469663,2.1035065606382538e-12,False
SGL_RS06335,0.07653046659469502,0.07653046659469691,2.466180105575884e-12,False
SGL_RS15330,0.07653046659469502,0.07653046659469691,2.466180105575884e-12,False
SGL_RS13525,0.07653046659469502,0.07653046659469738,3.082725131969855e-12,False
SGL_RS16530,0.07653046659469502,0.0765304665946977,3.499799708648129e-12,False
